Section_Class,ID,Description,Heads_of_Families,Wives,Children_under_15,Young_Persons_15_to_20,Unmarried_Men_and_Widowers,Total_Persons,A,B,C,D,E,F,G,H,Total_Classes,District,poverty_rate,kids_per_household,unmarried_ratio
Labour,1,"Lowest class, loafers, &c.",224.0,224.0,73.0,104.0,91.0,716.0,716.0,0.0,0.0,0.0,0.0,0.0,0.0,0.0,716.0,Mile_End_Old_Town,1.0,0.32589285714285715,0.1270949720670391
Labour,2,Casual day-to-day labour,673.0,673.0,1215.0,302.0,350.0,3213.0,0.0,3113.0,100.0,0.0,0.0,0.0,0.0,0.0,3213.0,Mile_End_Old_Town,1.0,1.8053491827637445,0.10893246187363835
Labour,3,Irregular labour,492.0,492.0,974.0,240.0,200.0,2398.0,0.0,575.0,1623.0,0.0,200.0,0.0,0.0,0.0,2398.0,Mile_End_Old_Town,0.9165971643035863,1.9796747967479675,0.08340283569641367
Labour,4,"Regular work, low pay",688.0,688.0,1183.0,294.0,279.0,3132.0,0.0,45.0,0.0,3087.0,0.0,0.0,0.0,0.0,3132.0,Mile_End_Old_Town,1.0,1.7194767441860466,0.08908045977011494
Labour,5,"Regular work, ordinary pay",2886.0,2886.0,5418.0,1345.0,1171.0,13706.0,0.0,54.0,0.0,2508.0,11144.0,0.0,0.0,0.0,13706.0,Mile_End_Old_Town,0.18692543411644535,1.8773388773388773,0.08543703487523713
Labour,6,Foremen and responsible work,558.0,558.0,1037.0,256.0,227.0,2636.0,0.0,0.0,0.0,0.0,36.0,2600.0,0.0,0.0,2636.0,Mile_End_Old_Town,0.0,1.8584229390681004,0.08611532625189681
Artisans,7,Building trades,1290.0,1290.0,2445.0,604.0,523.0,6152.0,9.0,360.0,492.0,738.0,4245.0,308.0,0.0,0.0,6152.0,Mile_End_Old_Town,0.25991547464239273,1.8953488372093024,0.08501300390117035
Artisans,8,"Furniture, wood-work, &c.",1166.0,1166.0,2351.0,582.0,474.0,5739.0,9.0,278.0,344.0,746.0,3960.0,402.0,0.0,0.0,5739.0,Mile_End_Old_Town,0.23993727130162049,2.0162950257289878,0.08259278619968635
Artisans,9,Machinery and metals,819.0,819.0,1585.0,394.0,332.0,3949.0,9.0,109.0,142.0,288.0,2848.0,553.0,0.0,0.0,3949.0,Mile_End_Old_Town,0.13876930868574322,1.9352869352869353,0.08407191694099772
Artisans,10,Sundry artisans,1243.0,1243.0,2326.0,574.0,504.0,5890.0,9.0,145.0,416.0,417.0,2600.0,2303.0,0.0,0.0,5890.0,Mile_End_Old_Town,0.16757215619694396,1.8712791633145616,0.08556876061120543
Artisans,11,Dress,1227.0,1227.0,2362.0,582.0,498.0,5896.0,0.0,59.0,58.0,1297.0,3834.0,648.0,0.0,0.0,5896.0,Mile_End_Old_Town,0.2398236092265943,1.9250203748981256,0.0844640434192673
Artisans,12,Food preparation,1020.0,1020.0,1943.0,482.0,413.0,4878.0,0.0,98.0,368.0,368.0,4044.0,0.0,0.0,0.0,4878.0,Mile_End_Old_Town,0.17097170971709716,1.9049019607843136,0.08466584665846659
Locomotion,13,Railway service,188.0,188.0,370.0,94.0,76.0,916.0,0.0,11.0,0.0,49.0,514.0,342.0,0.0,0.0,916.0,Mile_End_Old_Town,0.06550218340611354,1.9680851063829787,0.08296943231441048
Locomotion,14,Road service,378.0,378.0,759.0,186.0,153.0,1854.0,0.0,62.0,105.0,275.0,1262.0,150.0,0.0,0.0,1854.0,Mile_End_Old_Town,0.238403451995685,2.007936507936508,0.0825242718446602
Assistants,15,Shops and refreshment houses,831.0,831.0,1565.0,386.0,336.0,3949.0,0.0,76.0,36.0,295.0,3022.0,520.0,0.0,0.0,3949.0,Mile_End_Old_Town,0.10306406685236769,1.8832731648616126,0.08508483160293745
Other wages,16,"Police, soldiers, and sub-officials",441.0,441.0,806.0,200.0,180.0,2068.0,0.0,39.0,0.0,174.0,1855.0,0.0,0.0,0.0,2068.0,Mile_End_Old_Town,0.1029980657640232,1.8276643990929706,0.08704061895551257
Other wages,17,Seamen,327.0,327.0,542.0,134.0,133.0,1463.0,0.0,28.0,124.0,0.0,1311.0,0.0,0.0,0.0,1463.0,Mile_End_Old_Town,0.1038961038961039,1.657492354740061,0.09090909090909091
Other wages,18,Other wage earners,375.0,375.0,584.0,146.0,152.0,1632.0,0.0,31.0,69.0,69.0,1171.0,292.0,0.0,0.0,1632.0,Mile_End_Old_Town,0.10355392156862746,1.5573333333333332,0.09313725490196079
Manufacture &c.,19,"Home industries, not employing",396.0,396.0,812.0,202.0,160.0,1966.0,0.0,117.0,378.0,0.0,1471.0,0.0,0.0,0.0,1966.0,Mile_End_Old_Town,0.2517802644964395,2.0505050505050506,0.08138351983723296
Manufacture &c.,20,Small employers,648.0,648.0,1471.0,366.0,262.0,3395.0,0.0,0.0,0.0,66.0,694.0,1552.0,951.0,132.0,3395.0,Mile_End_Old_Town,0.019440353460972018,2.2700617283950617,0.07717231222385862
Manufacture &c.,21,Large employers,89.0,89.0,240.0,60.0,36.0,514.0,0.0,0.0,0.0,0.0,0.0,0.0,350.0,164.0,514.0,Mile_End_Old_Town,0.0,2.696629213483146,0.07003891050583658
Dealers,22,"Street sellers, &c.",277.0,277.0,544.0,136.0,113.0,1347.0,27.0,220.0,310.0,272.0,491.0,27.0,0.0,0.0,1347.0,Mile_End_Old_Town,0.615441722345954,1.963898916967509,0.08389012620638456
Dealers,23,General dealers,498.0,498.0,1095.0,272.0,201.0,2564.0,0.0,46.0,312.0,310.0,1150.0,700.0,46.0,0.0,2564.0,Mile_End_Old_Town,0.26053042121684866,2.1987951807228914,0.07839313572542901
Dealers,24,Small shops,663.0,663.0,1283.0,318.0,270.0,3197.0,0.0,32.0,0.0,126.0,2390.0,480.0,169.0,0.0,3197.0,Mile_End_Old_Town,0.04942133249921802,1.9351432880844646,0.08445417578980294
Dealers,25,Large shops employing assistants,511.0,511.0,1046.0,260.0,207.0,2535.0,0.0,0.0,0.0,0.0,56.0,782.0,714.0,983.0,2535.0,Mile_End_Old_Town,0.0,2.0469667318982387,0.08165680473372781
Refreshments,26,Coffee and boarding houses,46.0,46.0,109.0,26.0,19.0,246.0,0.0,0.0,0.0,0.0,15.0,74.0,157.0,0.0,246.0,Mile_End_Old_Town,0.0,2.369565217391304,0.07723577235772358
Refreshments,27,Licensed houses,223.0,223.0,384.0,96.0,90.0,1016.0,0.0,0.0,0.0,0.0,20.0,173.0,539.0,284.0,1016.0,Mile_End_Old_Town,0.0,1.7219730941704037,0.08858267716535433
Salaried &c.,28,Clerks and agents,1232.0,1232.0,2334.0,580.0,500.0,5878.0,0.0,29.0,175.0,292.0,1880.0,2272.0,940.0,290.0,5878.0,Mile_End_Old_Town,0.0843824430078258,1.8944805194805194,0.08506294658046955
Salaried &c.,29,Subordinate professional,334.0,334.0,636.0,158.0,135.0,1597.0,0.0,32.0,32.0,128.0,600.0,549.0,224.0,32.0,1597.0,Mile_End_Old_Town,0.12022542266750157,1.904191616766467,0.08453350031308704
Salaried &c.,30,Professional,121.0,121.0,256.0,64.0,49.0,611.0,0.0,0.0,0.0,0.0,0.0,50.0,60.0,501.0,611.0,Mile_End_Old_Town,0.0,2.115702479338843,0.08019639934533551
No work,31,Ill and no occupation,59.0,59.0,123.0,32.0,24.0,297.0,0.0,208.0,62.0,9.0,9.0,9.0,0.0,0.0,297.0,Mile_End_Old_Town,0.9393939393939394,2.0847457627118646,0.08080808080808081
No work,32,Independent,101.0,101.0,136.0,34.0,41.0,413.0,0.0,0.0,0.0,0.0,192.0,90.0,110.0,21.0,413.0,Mile_End_Old_Town,0.0,1.3465346534653466,0.09927360774818401
Females,33,Semi-domestic employment,651.0,0.0,986.0,244.0,0.0,1881.0,5.0,567.0,514.0,510.0,285.0,0.0,0.0,0.0,1881.0,Mile_End_Old_Town,0.8484848484848485,1.5145929339477726,0.0
Females,34,Dress,484.0,0.0,705.0,178.0,0.0,1367.0,0.0,371.0,306.0,387.0,303.0,0.0,0.0,0.0,1367.0,Mile_End_Old_Town,0.7783467446964155,1.4566115702479339,0.0
Females,35,Small trades,184.0,0.0,263.0,66.0,0.0,513.0,5.0,99.0,76.0,77.0,246.0,10.0,0.0,0.0,513.0,Mile_End_Old_Town,0.5009746588693957,1.4293478260869565,0.0
Females,36,Employing and professional,56.0,0.0,112.0,28.0,0.0,196.0,0.0,0.0,0.0,30.0,40.0,63.0,63.0,0.0,196.0,Mile_End_Old_Town,0.15306122448979592,2.0,0.0
Females,37,Supported,146.0,0.0,216.0,54.0,0.0,416.0,0.0,42.0,15.0,68.0,291.0,0.0,0.0,0.0,416.0,Mile_End_Old_Town,0.3004807692307692,1.4794520547945205,0.0
Females,38,Independent,105.0,0.0,150.0,38.0,0.0,293.0,0.0,0.0,0.0,10.0,110.0,35.0,138.0,0.0,293.0,Mile_End_Old_Town,0.034129692832764506,1.4285714285714286,0.0
Females,39,Other adult women,0.0,0.0,0.0,0.0,0.0,9892.0,78.0,675.0,601.0,1258.0,5125.0,1466.0,453.0,236.0,9892.0,Mile_End_Old_Town,0.26405175899716943,0.0,0.0
Labour,1,"Lowest class, loafers, &c.",374.0,374.0,158.0,192.0,162.0,1260.0,1260.0,0.0,0.0,0.0,0.0,0.0,0.0,0.0,1260.0,Hackney,1.0,0.42245989304812837,0.12857142857142856
Labour,2,Casual day-to-day labour,624.0,624.0,1332.0,312.0,271.0,3163.0,0.0,3146.0,17.0,0.0,0.0,0.0,0.0,0.0,3163.0,Hackney,1.0,2.1346153846153846,0.08567815365159659
Labour,3,Irregular labour,498.0,498.0,1087.0,255.0,217.0,2555.0,0.0,942.0,1536.0,0.0,77.0,0.0,0.0,0.0,2555.0,Hackney,0.9698630136986301,2.182730923694779,0.08493150684931507
Labour,4,"Regular work, low pay",1002.0,1002.0,2128.0,501.0,435.0,5068.0,0.0,440.0,0.0,4569.0,59.0,0.0,0.0,0.0,5068.0,Hackney,0.9883583267561168,2.12375249500998,0.08583267561168113
Labour,5,"Regular work, ordinary pay",1629.0,1629.0,3248.0,764.0,706.0,7976.0,0.0,8.0,0.0,753.0,7100.0,115.0,0.0,0.0,7976.0,Hackney,0.09541123370110331,1.9938612645794966,0.08851554663991976
Labour,6,Foremen and responsible work,311.0,311.0,654.0,153.0,135.0,1564.0,0.0,0.0,0.0,0.0,18.0,1546.0,0.0,0.0,1564.0,Hackney,0.0,2.102893890675241,0.08631713554987212
Artisans,7,Building trades,2593.0,2593.0,5598.0,1318.0,1124.0,13226.0,43.0,1613.0,2065.0,700.0,6570.0,2235.0,0.0,0.0,13226.0,Hackney,0.33426584001209736,2.158889317392981,0.0849841221835778
Artisans,8,"Furniture, woodwork, &c.",1517.0,1517.0,3225.0,759.0,658.0,7676.0,8.0,874.0,890.0,668.0,4278.0,958.0,0.0,0.0,7676.0,Hackney,0.31787389265242316,2.125906394199077,0.08572173006774361
Artisans,9,Machinery and metals,620.0,620.0,1448.0,340.0,268.0,3296.0,18.0,240.0,107.0,205.0,1826.0,900.0,0.0,0.0,3296.0,Hackney,0.1729368932038835,2.335483870967742,0.08131067961165049
Artisans,10-A,Printing,773.0,773.0,1598.0,374.0,335.0,3853.0,0.0,50.0,209.0,84.0,1596.0,1914.0,0.0,0.0,3853.0,Hackney,0.08902154165585258,2.0672703751617076,0.08694523747729042
Artisans,10-B,"Watches, instruments, &c.",431.0,431.0,922.0,215.0,186.0,2185.0,9.0,136.0,43.0,154.0,802.0,1041.0,0.0,0.0,2185.0,Hackney,0.1565217391304348,2.1392111368909514,0.08512585812356979
Artisans,10-C,Furs and leather,296.0,296.0,662.0,155.0,128.0,1537.0,0.0,182.0,148.0,182.0,825.0,200.0,0.0,0.0,1537.0,Hackney,0.33311646063760575,2.2364864864864864,0.08327911515940144
Artisans,10-D,Silk weaving,7.0,7.0,15.0,4.0,3.0,36.0,0.0,0.0,0.0,18.0,18.0,0.0,0.0,0.0,36.0,Hackney,0.5,2.142857142857143,0.08333333333333333
Artisans,10-E,Sundry artisans,632.0,632.0,1293.0,302.0,274.0,3133.0,17.0,265.0,257.0,621.0,1600.0,373.0,0.0,0.0,3133.0,Hackney,0.37025215448451965,2.045886075949367,0.08745611235237791
Artisans,11,Dress,1696.0,1696.0,3507.0,826.0,736.0,8461.0,0.0,1280.0,1457.0,1120.0,3904.0,700.0,0.0,0.0,8461.0,Hackney,0.45585628176338494,2.067806603773585,0.0869873537406926
Artisans,12,Food preparation,358.0,358.0,741.0,173.0,156.0,1786.0,8.0,134.0,94.0,242.0,1141.0,167.0,0.0,0.0,1786.0,Hackney,0.26763717805151177,2.069832402234637,0.08734602463605823
Locomotion,13,Railway servants,382.0,382.0,787.0,185.0,165.0,1901.0,8.0,25.0,0.0,208.0,1078.0,582.0,0.0,0.0,1901.0,Hackney,0.126775381378222,2.06020942408377,0.08679642293529721
Locomotion,14,Road service,592.0,592.0,1304.0,306.0,257.0,3051.0,0.0,292.0,250.0,457.0,1682.0,370.0,0.0,0.0,3051.0,Hackney,0.3274336283185841,2.2027027027027026,0.08423467715503113
Assistants,15,Shops and refreshment houses,1015.0,1015.0,2113.0,496.0,440.0,5079.0,0.0,268.0,126.0,756.0,3175.0,754.0,0.0,0.0,5079.0,Hackney,0.22642252411892105,2.081773399014778,0.08663122661941328
Other wages,16,"Police, soldiers, and sub-officials",452.0,452.0,941.0,221.0,196.0,2262.0,0.0,8.0,50.0,34.0,1750.0,420.0,0.0,0.0,2262.0,Hackney,0.040671971706454466,2.081858407079646,0.08664898320070734
Other wages,17,Seamen,52.0,52.0,78.0,18.0,22.0,222.0,0.0,14.0,0.0,14.0,172.0,22.0,0.0,0.0,222.0,Hackney,0.12612612612612611,1.5,0.0990990990990991
Other wages,18,Other wage earners,774.0,774.0,1311.0,306.0,335.0,3500.0,8.0,121.0,129.0,363.0,2046.0,833.0,0.0,0.0,3500.0,Hackney,0.17742857142857144,1.693798449612403,0.09571428571428571
Manufacture,19,Home industries (not employing),850.0,850.0,1796.0,421.0,368.0,4285.0,8.0,515.0,480.0,396.0,1467.0,1360.0,59.0,0.0,4285.0,Hackney,0.326487747957993,2.112941176470588,0.08588098016336056
Manufacture,20,Small employers,828.0,828.0,1888.0,443.0,358.0,4345.0,0.0,9.0,9.0,9.0,176.0,2476.0,1605.0,61.0,4345.0,Hackney,0.006214039125431531,2.2801932367149758,0.08239355581127733
Manufacture,21,Large employers,62.0,62.0,154.0,36.0,27.0,341.0,0.0,0.0,0.0,0.0,0.0,0.0,185.0,156.0,341.0,Hackney,0.0,2.4838709677419355,0.07917888563049853
Dealers,22,"Street sellers, &c.",357.0,357.0,806.0,189.0,155.0,1864.0,44.0,507.0,544.0,157.0,507.0,105.0,0.0,0.0,1864.0,Hackney,0.6716738197424893,2.257703081232493,0.08315450643776824
Dealers,23,General dealers,172.0,172.0,379.0,89.0,75.0,887.0,17.0,69.0,69.0,52.0,250.0,353.0,77.0,0.0,887.0,Hackney,0.23337091319052988,2.203488372093023,0.08455467869222097
Dealers,24,Small shops,693.0,693.0,1364.0,319.0,300.0,3369.0,0.0,73.0,73.0,309.0,1277.0,1515.0,122.0,0.0,3369.0,Hackney,0.1350549124369249,1.9682539682539681,0.08904719501335707
Dealers,25,Large (with assistants),455.0,455.0,1070.0,251.0,197.0,2428.0,0.0,0.0,0.0,0.0,9.0,797.0,1515.0,107.0,2428.0,Hackney,0.0,2.3516483516483517,0.08113673805601318
Refreshments,26,Coffee and boarding houses,53.0,53.0,113.0,26.0,23.0,268.0,0.0,0.0,0.0,25.0,84.0,134.0,25.0,0.0,268.0,Hackney,0.09328358208955224,2.1320754716981134,0.08582089552238806
Refreshments,27,Licensed houses,96.0,96.0,185.0,44.0,41.0,462.0,0.0,0.0,16.0,0.0,57.0,122.0,194.0,73.0,462.0,Hackney,0.03463203463203463,1.9270833333333333,0.08874458874458875
Salaried &c.,28,Clerks and agents,3269.0,3269.0,6492.0,1521.0,1418.0,15969.0,0.0,295.0,196.0,320.0,2880.0,7500.0,4360.0,418.0,15969.0,Hackney,0.0507858976767487,1.9859284184765984,0.08879704427327947
Salaried &c.,29,Subordinate professional,420.0,420.0,869.0,204.0,182.0,2095.0,0.0,17.0,33.0,8.0,184.0,970.0,850.0,33.0,2095.0,Hackney,0.02768496420047733,2.0690476190476192,0.08687350835322195
Salaried &c.,30,Professional,234.0,234.0,495.0,116.0,102.0,1181.0,0.0,0.0,0.0,0.0,0.0,109.0,372.0,700.0,1181.0,Hackney,0.0,2.1153846153846154,0.0863674851820491
No work,31,Ill and no occupation,83.0,83.0,185.0,44.0,36.0,431.0,0.0,328.0,69.0,17.0,17.0,0.0,0.0,0.0,431.0,Hackney,0.9605568445475638,2.2289156626506026,0.08352668213457076
No work,32,Independent,122.0,122.0,179.0,42.0,52.0,517.0,0.0,0.0,0.0,0.0,170.0,184.0,141.0,22.0,517.0,Hackney,0.0,1.4672131147540983,0.10058027079303675
Females,33,Semi-domestic employment,1010.0,0.0,1629.0,382.0,0.0,3021.0,15.0,1580.0,494.0,494.0,403.0,85.0,0.0,0.0,3021.0,Hackney,0.8550148957298908,1.612871287128713,0.0
Females,34,Dress,368.0,0.0,572.0,133.0,0.0,1073.0,0.0,291.0,131.0,302.0,315.0,34.0,0.0,0.0,1073.0,Hackney,0.6747437092264679,1.5543478260869565,0.0
Females,35,Small trades,175.0,0.0,308.0,72.0,0.0,555.0,0.0,174.0,37.0,153.0,169.0,37.0,5.0,0.0,555.0,Hackney,0.6558558558558558,1.76,0.0
Females,36,Employing and professional,85.0,0.0,138.0,32.0,0.0,255.0,0.0,0.0,0.0,20.0,105.0,90.0,40.0,0.0,255.0,Hackney,0.0784313725490196,1.6235294117647059,0.0
Females,37,Supported,172.0,0.0,252.0,59.0,0.0,483.0,0.0,80.0,28.0,75.0,230.0,65.0,5.0,0.0,483.0,Hackney,0.37888198757763975,1.4651162790697674,0.0
Females,38,Independent,178.0,0.0,238.0,56.0,0.0,472.0,0.0,0.0,0.0,26.0,215.0,101.0,130.0,0.0,472.0,Hackney,0.05508474576271186,1.3370786516853932,0.0
Other,39,Other adult women,0.0,0.0,0.0,0.0,0.0,15773.0,184.0,1734.0,1184.0,1668.0,5993.0,3595.0,1219.0,196.0,15773.0,Hackney,0.30241552019273443,0.0,0.0
Other,40,Population of unscheduled houses,0.0,0.0,0.0,0.0,0.0,40000.0,0.0,0.0,0.0,0.0,8500.0,0.0,0.0,31500.0,40000.0,Hackney,0.0,0.0,0.0
Total,Total,0,26310.0,24322.0,53262.0,12654.0,10543.0,182864.0,1647.0,15710.0,10741.0,15159.0,62725.0,32712.0,10904.0,33266.0,182864.0,Hackney,0.2365528480181993,2.0244013683010262,0.057654869192405284
Labour,1.0,Loafers and criminals,409.0,403.0,139.0,352.0,795.0,2098.0,2098.0,0.0,0.0,0.0,0.0,0.0,0.0,0.0,2098.0,Whitechapel,1.0,0.33985330073349634,0.37893231649189707
0,2.0,Casual day-to-day-labour,500.0,493.0,825.0,238.0,793.0,3029.0,0.0,2939.0,90.0,0.0,0.0,0.0,0.0,0.0,3029.0,Whitechapel,1.0,1.65,0.26180257510729615
0,3.0,Irregular Labour,295.0,291.0,544.0,158.0,174.0,1462.0,0.0,192.0,1184.0,86.0,0.0,0.0,0.0,0.0,1462.0,Whitechapel,1.0,1.8440677966101695,0.11901504787961696
0,4.0,"Regular work, low pay",401.0,395.0,678.0,197.0,236.0,1907.0,0.0,90.0,0.0,1817.0,0.0,0.0,0.0,0.0,1907.0,Whitechapel,1.0,1.6907730673316708,0.12375458835867856
0,5.0,Regular work,1272.0,1256.0,2377.0,689.0,749.0,6343.0,0.0,0.0,0.0,1079.0,5264.0,0.0,0.0,0.0,6343.0,Whitechapel,0.17010878133375373,1.8687106918238994,0.11808292606022387
0,6.0,Foremen and responsible work,115.0,114.0,244.0,70.0,68.0,611.0,0.0,0.0,0.0,0.0,32.0,579.0,0.0,0.0,611.0,Whitechapel,0.0,2.121739130434783,0.11129296235679215
Artisans,7.0,Building trades,258.0,255.0,511.0,149.0,153.0,1326.0,0.0,53.0,145.0,265.0,809.0,53.0,0.0,0.0,1326.0,Whitechapel,0.3491704374057315,1.9806201550387597,0.11538461538461539
0,8.0,"Furniture, woodwork",364.0,359.0,708.0,206.0,210.0,1853.0,0.0,130.0,139.0,315.0,1195.0,65.0,0.0,0.0,1853.0,Whitechapel,0.31516459794927143,1.945054945054945,0.11332973556395035
0,9.0,Machinery and metals,185.0,183.0,327.0,95.0,109.0,899.0,0.0,97.0,389.0,388.0,25.0,0.0,0.0,0.0,899.0,Whitechapel,0.9721913236929922,1.7675675675675675,0.12124582869855395
0,10.0,Sundry artisans,618.0,608.0,1120.0,327.0,362.0,3035.0,0.0,924.0,3430.0,3206.0,6348.0,480.0,0.0,0.0,3035.0,Whitechapel,2.4909390444810544,1.8122977346278317,0.11927512355848435
0,11.0,Dress,2597.0,2556.0,5221.0,1507.0,1525.0,13406.0,0.0,83.0,0.0,1016.0,3753.0,0.0,0.0,0.0,13406.0,Whitechapel,0.08197821870804117,2.0103966114747784,0.11375503505892884
0,12.0,Food preparation,913.0,904.0,1940.0,540.0,540.0,4885.0,0.0,17.0,0.0,67.0,364.0,0.0,0.0,0.0,4885.0,Whitechapel,0.017195496417604914,2.1248630887185103,0.1105424769703173
Locomotion,13.0,Railway servants,107.0,106.0,173.0,49.0,63.0,498.0,0.0,0.0,0.0,0.0,0.0,42.0,0.0,0.0,498.0,Whitechapel,0.0,1.6168224299065421,0.12650602409638553
0,14.0,Road Service,127.0,126.0,253.0,73.0,75.0,654.0,0.0,0.0,0.0,0.0,0.0,135.0,0.0,0.0,654.0,Whitechapel,0.0,1.9921259842519685,0.11467889908256881
Assistants,15.0,Shops,226.0,223.0,427.0,124.0,132.0,1132.0,0.0,0.0,0.0,0.0,0.0,899.0,0.0,0.0,1132.0,Whitechapel,0.0,1.8893805309734513,0.1166077738515901
0,16.0,"Police, soldiers, and sub-officials",215.0,212.0,429.0,124.0,126.0,1106.0,0.0,0.0,0.0,0.0,0.0,1106.0,0.0,0.0,1106.0,Whitechapel,0.0,1.9953488372093022,0.11392405063291139
Other wages,17.0,Seamen,27.0,26.0,48.0,14.0,15.0,130.0,0.0,0.0,0.0,0.0,0.0,130.0,0.0,0.0,130.0,Whitechapel,0.0,1.7777777777777777,0.11538461538461539
0,18.0,Other wage earners,76.0,75.0,145.0,42.0,44.0,382.0,0.0,0.0,0.0,0.0,0.0,382.0,0.0,0.0,382.0,Whitechapel,0.0,1.9078947368421053,0.11518324607329843
Manufacturers,19.0,Home industries (not employing),238.0,236.0,474.0,139.0,140.0,1227.0,0.0,0.0,0.0,0.0,0.0,1227.0,0.0,0.0,1227.0,Whitechapel,0.0,1.9915966386554622,0.11409942950285248
0,20.0,Small employers,673.0,662.0,1689.0,480.0,406.0,3918.0,0.0,0.0,0.0,0.0,3918.0,0.0,0.0,0.0,3918.0,Whitechapel,0.0,2.5096582466567607,0.10362429811128127
0,21.0,Large employers,100.0,100.0,148.0,43.0,58.0,449.0,0.0,0.0,0.0,0.0,0.0,449.0,0.0,0.0,449.0,Whitechapel,0.0,1.48,0.1291759465478842
Dealers,22.0,Street sellers,523.0,516.0,1048.0,301.0,468.0,2856.0,72.0,276.0,938.0,544.0,974.0,52.0,0.0,0.0,2856.0,Whitechapel,0.6407563025210085,2.0038240917782026,0.1638655462184874
0,23.0,General dealers,577.0,569.0,1163.0,338.0,337.0,2984.0,18.0,57.0,552.0,450.0,1250.0,607.0,50.0,0.0,2984.0,Whitechapel,0.3609249329758713,2.0155979202772962,0.11293565683646113
0,24.0,Small shops,637.0,630.0,1157.0,336.0,372.0,3132.0,0.0,16.0,24.0,305.0,1564.0,922.0,301.0,0.0,3132.0,Whitechapel,0.11015325670498084,1.816326530612245,0.11877394636015326
0,25.0,Large shops (employing assistants),350.0,345.0,690.0,200.0,206.0,1791.0,0.0,0.0,0.0,24.0,520.0,720.0,527.0,0.0,1791.0,Whitechapel,0.01340033500837521,1.9714285714285715,0.11501954215522055
Refreshment,26.0,Coffee and boarding houses,96.0,94.0,189.0,54.0,57.0,493.0,0.0,0.0,0.0,0.0,79.0,182.0,232.0,0.0,493.0,Whitechapel,0.0,1.96875,0.11561866125760649
0,27.0,Licensed houses,156.0,154.0,265.0,76.0,91.0,742.0,0.0,0.0,0.0,5.0,13.0,119.0,386.0,219.0,742.0,Whitechapel,0.006738544474393531,1.6987179487179487,0.12264150943396226
Salaried,28.0,Clerks and Agents,266.0,262.0,514.0,149.0,155.0,1346.0,0.0,0.0,0.0,27.0,54.0,540.0,120.0,150.0,1346.0,Whitechapel,0.020059435364041606,1.9323308270676691,0.1151560178306092
0,29.0,Subordinate professional,82.0,81.0,173.0,53.0,48.0,437.0,0.0,0.0,0.0,8.0,32.0,162.0,165.0,80.0,437.0,Whitechapel,0.018306636155606407,2.1097560975609757,0.10983981693363844
0,30.0,Professional,37.0,37.0,67.0,20.0,21.0,182.0,0.0,0.0,0.0,0.0,16.0,16.0,150.0,0.0,182.0,Whitechapel,0.0,1.8108108108108107,0.11538461538461539
No work,31.0,Ill and no occupation,93.0,91.0,158.0,46.0,54.0,442.0,0.0,31.0,32.0,0.0,32.0,9.0,16.0,0.0,442.0,Whitechapel,0.1425339366515837,1.6989247311827957,0.12217194570135746
0,32.0,Independent,14.0,14.0,9.0,2.0,8.0,47.0,0.0,0.0,0.0,0.0,23.0,8.0,16.0,0.0,47.0,Whitechapel,0.0,0.6428571428571429,0.1702127659574468
Females,33.0,Semi-domestic employment,361.0,0.0,578.0,169.0,0.0,1108.0,5.0,334.0,329.0,216.0,224.0,0.0,0.0,0.0,1108.0,Whitechapel,0.7978339350180506,1.6011080332409973,0.0
0,34.0,Dress,151.0,0.0,250.0,73.0,0.0,474.0,0.0,102.0,140.0,167.0,65.0,0.0,0.0,0.0,474.0,Whitechapel,0.8628691983122363,1.6556291390728477,0.0
0,35.0,Small trades,141.0,0.0,206.0,77.0,0.0,484.0,5.0,91.0,123.0,124.0,136.0,0.0,0.0,0.0,484.0,Whitechapel,0.7086776859504132,1.4609929078014185,0.0
0,36.0,Employing and professional,30.0,0.0,39.0,11.0,0.0,80.0,0.0,0.0,0.0,0.0,10.0,40.0,15.0,0.0,80.0,Whitechapel,0.0,1.3,0.0
0,37.0,Supported,111.0,0.0,166.0,49.0,0.0,326.0,0.0,48.0,30.0,120.0,128.0,0.0,0.0,0.0,326.0,Whitechapel,0.6073619631901841,1.4954954954954955,0.0
0,38.0,Independent,25.0,0.0,34.0,10.0,0.0,69.0,0.0,0.0,0.0,0.0,27.0,5.0,27.0,0.0,69.0,Whitechapel,0.0,1.36,0.0
0,39.0,Other Adult women,0.0,0.0,0.0,0.0,0.0,8790.0,196.0,651.0,556.0,1047.0,2663.0,699.0,277.0,112.0,8790.0,Whitechapel,0.2787258248009101,0.0,0.0
0,0.0,0,0.0,0.0,0.0,0.0,0.0,0.0,2439.0,6566.0,7842.0,11980.0,31825.0,8277.0,3255.0,1334.0,73518.0,Whitechapel,0.0,0.0,0.0
0,0.0,Inmates of Institutions,0.0,0.0,0.0,0.0,0.0,2359.0,0.0,0.0,0.0,0.0,0.0,0.0,0.0,0.0,0.0,Whitechapel,0.0,0.0,0.0
Labour,1,"Lowest class, loafers, &c.",181.0,181.0,64.0,87.0,86.0,599.0,599.0,0.0,0.0,0.0,0.0,0.0,0.0,0.0,599.0,St_Georges_In_The_East,1.0,0.35359116022099446,0.14357262103505844
Labour,2,Casual day-to-day labour,921.0,921.0,1447.0,355.0,651.0,4295.0,0.0,4226.0,69.0,0.0,0.0,0.0,0.0,0.0,4295.0,St_Georges_In_The_East,1.0,1.5711183496199783,0.15157159487776484
Labour,3,Irregular labour,591.0,591.0,1071.0,266.0,232.0,2801.0,0.0,182.0,2562.0,0.0,57.0,0.0,0.0,0.0,2801.0,St_Georges_In_The_East,0.9796501249553731,1.8121827411167513,0.08282756158514816
Labour,4,"Regular work, low pay",711.0,711.0,1191.0,296.0,320.0,3229.0,0.0,10.0,0.0,3219.0,0.0,0.0,0.0,0.0,3229.0,St_Georges_In_The_East,1.0,1.6751054852320675,0.09910188912976153
Labour,5,"Regular work, ordinary pay",1328.0,1328.0,2485.0,613.0,642.0,6396.0,0.0,13.0,0.0,281.0,6102.0,0.0,0.0,0.0,6396.0,St_Georges_In_The_East,0.04596622889305816,1.8712349397590362,0.10037523452157598
Labour,6,Foremen and responsible work,302.0,302.0,597.0,147.0,144.0,1492.0,0.0,0.0,0.0,0.0,70.0,1422.0,0.0,0.0,1492.0,St_Georges_In_The_East,0.0,1.9768211920529801,0.09651474530831099
Artisans,7,Building trades,244.0,244.0,445.0,111.0,117.0,1161.0,0.0,57.0,172.0,132.0,686.0,114.0,0.0,0.0,1161.0,St_Georges_In_The_East,0.31093884582256676,1.8237704918032787,0.10077519379844961
Artisans,8,"Furniture, woodwork, &c.",300.0,300.0,524.0,129.0,142.0,1395.0,10.0,75.0,141.0,221.0,863.0,85.0,0.0,0.0,1395.0,St_Georges_In_The_East,0.3204301075268817,1.7466666666666666,0.1017921146953405
Artisans,9,Machinery and metals,198.0,198.0,348.0,84.0,94.0,922.0,0.0,38.0,47.0,132.0,508.0,197.0,0.0,0.0,922.0,St_Georges_In_The_East,0.23535791757049893,1.7575757575757576,0.1019522776572668
Artisans,10,Sundry artisans,421.0,421.0,739.0,182.0,200.0,1963.0,20.0,84.0,130.0,442.0,1147.0,140.0,0.0,0.0,1963.0,St_Georges_In_The_East,0.3443708609271523,1.7553444180522566,0.10188487009679063
Artisans,11,Dress,928.0,928.0,1751.0,434.0,441.0,4482.0,18.0,660.0,849.0,1621.0,1204.0,130.0,0.0,0.0,4482.0,St_Georges_In_The_East,0.7023650156180277,1.886853448275862,0.09839357429718876
Artisans,12,Food preparation,421.0,421.0,840.0,209.0,200.0,2091.0,0.0,90.0,209.0,509.0,1163.0,120.0,0.0,0.0,2091.0,St_Georges_In_The_East,0.3864179818268771,1.995249406175772,0.09564801530368244
Locomotion,13,Railway servants,64.0,64.0,129.0,32.0,30.0,320.0,0.0,0.0,0.0,30.0,260.0,30.0,0.0,0.0,320.0,St_Georges_In_The_East,0.09375,2.015625,0.09375
Locomotion,14,Road service,48.0,48.0,88.0,21.0,23.0,228.0,0.0,0.0,19.0,19.0,142.0,48.0,0.0,0.0,228.0,St_Georges_In_The_East,0.16666666666666666,1.8333333333333333,0.10087719298245613
Assistants,15,Shops and refreshment houses,169.0,169.0,300.0,74.0,80.0,792.0,0.0,48.0,19.0,160.0,495.0,70.0,0.0,0.0,792.0,St_Georges_In_The_East,0.2866161616161616,1.7751479289940828,0.10101010101010101
Other wages,16,"Police, soldiers, sub-officials",70.0,70.0,125.0,31.0,33.0,329.0,0.0,0.0,0.0,0.0,329.0,0.0,0.0,0.0,329.0,St_Georges_In_The_East,0.0,1.7857142857142858,0.10030395136778116
Other wages,17,Seamen,226.0,226.0,325.0,79.0,108.0,964.0,0.0,26.0,112.0,334.0,492.0,0.0,0.0,0.0,964.0,St_Georges_In_The_East,0.4896265560165975,1.4380530973451326,0.11203319502074689
Other wages,18,Other wage earners,139.0,139.0,215.0,54.0,67.0,614.0,18.0,36.0,44.0,214.0,258.0,44.0,0.0,0.0,614.0,St_Georges_In_The_East,0.50814332247557,1.5467625899280575,0.10912052117263844
Manufacture,19,Home industries (not employing),183.0,183.0,358.0,88.0,87.0,899.0,0.0,10.0,169.0,208.0,324.0,188.0,0.0,0.0,899.0,St_Georges_In_The_East,0.43047830923248054,1.9562841530054644,0.0967741935483871
Manufacture,20,Small employers,258.0,258.0,570.0,140.0,124.0,1350.0,0.0,0.0,0.0,22.0,324.0,831.0,173.0,0.0,1350.0,St_Georges_In_The_East,0.016296296296296295,2.2093023255813953,0.09185185185185185
Manufacture,21,Large employers,19.0,19.0,45.0,11.0,10.0,104.0,0.0,0.0,0.0,0.0,0.0,0.0,73.0,31.0,104.0,St_Georges_In_The_East,0.0,2.3684210526315788,0.09615384615384616
Dealers,22,"Street sellers, &c.",199.0,199.0,350.0,86.0,95.0,929.0,0.0,223.0,380.0,121.0,196.0,9.0,0.0,0.0,929.0,St_Georges_In_The_East,0.7793326157158235,1.7587939698492463,0.10226049515608181
Dealers,23,General dealers,78.0,78.0,156.0,39.0,37.0,388.0,0.0,11.0,60.0,39.0,229.0,49.0,0.0,0.0,388.0,St_Georges_In_The_East,0.28350515463917525,2.0,0.09536082474226804
Dealers,24,Small shops,366.0,366.0,740.0,182.0,175.0,1829.0,0.0,9.0,0.0,220.0,1089.0,460.0,51.0,0.0,1829.0,St_Georges_In_The_East,0.12520503007107708,2.021857923497268,0.09568069983597595
Dealers,25,Large shops (emp. assistants),85.0,85.0,165.0,40.0,40.0,415.0,0.0,0.0,0.0,0.0,50.0,158.0,207.0,0.0,415.0,St_Georges_In_The_East,0.0,1.9411764705882353,0.0963855421686747
Refreshments,26,Coffee and boarding houses,38.0,38.0,54.0,13.0,19.0,161.0,0.0,0.0,0.0,9.0,126.0,17.0,9.0,0.0,161.0,St_Georges_In_The_East,0.055900621118012424,1.4210526315789473,0.11801242236024845
Refreshments,27,Licensed houses,132.0,132.0,223.0,56.0,63.0,606.0,0.0,10.0,29.0,9.0,55.0,156.0,350.0,36.0,606.0,St_Georges_In_The_East,0.07920792079207921,1.6893939393939394,0.10396039603960396
Salaried &c.,28,Clerks and agents,163.0,163.0,296.0,72.0,78.0,772.0,0.0,0.0,43.0,77.0,286.0,313.0,53.0,0.0,772.0,St_Georges_In_The_East,0.15544041450777202,1.8159509202453987,0.10103626943005181
Salaried &c.,29,Subordinate professional,44.0,44.0,103.0,25.0,21.0,237.0,0.0,0.0,0.0,22.0,53.0,43.0,54.0,22.0,237.0,St_Georges_In_The_East,0.09282700421940929,2.340909090909091,0.08860759493670886
Salaried &c.,30,Professional,7.0,7.0,11.0,2.0,4.0,31.0,0.0,0.0,26.0,0.0,0.0,8.0,8.0,15.0,31.0,St_Georges_In_The_East,0.8387096774193549,1.5714285714285714,0.12903225806451613
No work,31,Ill and no occupation,40.0,40.0,61.0,15.0,19.0,175.0,0.0,71.0,0.0,52.0,26.0,0.0,26.0,0.0,175.0,St_Georges_In_The_East,0.7028571428571428,1.525,0.10857142857142857
No work,32,Independent,10.0,10.0,11.0,2.0,5.0,38.0,0.0,0.0,0.0,0.0,15.0,8.0,15.0,0.0,38.0,St_Georges_In_The_East,0.0,1.1,0.13157894736842105
Females,33,Semi-domestic employment,388.0,0.0,547.0,135.0,0.0,1070.0,0.0,511.0,219.0,253.0,87.0,0.0,0.0,0.0,1070.0,St_Georges_In_The_East,0.9186915887850468,1.4097938144329898,0.0
Females,34,Dress,204.0,0.0,281.0,68.0,0.0,553.0,0.0,131.0,146.0,175.0,101.0,0.0,0.0,0.0,553.0,St_Georges_In_The_East,0.8173598553345389,1.3774509803921569,0.0
Females,35,Small trades,128.0,0.0,193.0,48.0,0.0,369.0,5.0,150.0,64.0,113.0,32.0,5.0,0.0,0.0,369.0,St_Georges_In_The_East,0.8997289972899729,1.5078125,0.0
Females,36,Employing and professional,15.0,0.0,17.0,4.0,0.0,36.0,0.0,0.0,0.0,4.0,23.0,5.0,4.0,0.0,36.0,St_Georges_In_The_East,0.1111111111111111,1.1333333333333333,0.0
Females,37,Supported,55.0,0.0,71.0,18.0,0.0,144.0,0.0,10.0,14.0,81.0,39.0,0.0,0.0,0.0,144.0,St_Georges_In_The_East,0.7291666666666666,1.290909090909091,0.0
Females,38,Independent,2.0,0.0,5.0,2.0,0.0,9.0,0.0,0.0,0.0,0.0,0.0,0.0,9.0,0.0,9.0,St_Georges_In_The_East,0.0,2.5,0.0
Females,39,Other adult women,0.0,0.0,0.0,0.0,0.0,3390.0,48.0,510.0,423.0,672.0,1295.0,359.0,75.0,8.0,3390.0,St_Georges_In_The_East,0.48761061946902656,0.0,0.0
Labour,1,Loafers and criminals,300.0,300.0,41.0,148.0,118.0,907.0,907.0,0.0,0.0,0.0,0.0,0.0,0.0,0.0,907.0,Shoreditch,1.0,0.13666666666666666,0.13009922822491732
0,2,Casual day-to-day-labour,681.0,681.0,1347.0,338.0,267.0,3314.0,0.0,3182.0,132.0,0.0,0.0,0.0,0.0,0.0,3314.0,Shoreditch,1.0,1.9779735682819384,0.08056729028364513
0,3,Irregular Labour,538.0,538.0,1029.0,258.0,211.0,2574.0,0.0,504.0,2061.0,0.0,9.0,0.0,0.0,0.0,2574.0,Shoreditch,0.9965034965034965,1.912639405204461,0.08197358197358197
0,4,"Regular work, low pay",1093.0,1093.0,1895.0,475.0,430.0,4986.0,0.0,70.0,0.0,4881.0,35.0,0.0,0.0,0.0,4986.0,Shoreditch,0.9929803449659045,1.7337602927721867,0.08624147613317289
0,5,"Regular work, ordinary pay",1709.0,1709.0,3088.0,774.0,672.0,7952.0,0.0,0.0,0.0,954.0,6936.0,62.0,0.0,0.0,7952.0,Shoreditch,0.11996981891348088,1.8069046225863077,0.08450704225352113
0,6,Foremen and responsible work,145.0,145.0,271.0,68.0,57.0,686.0,0.0,0.0,0.0,9.0,9.0,668.0,0.0,0.0,686.0,Shoreditch,0.013119533527696793,1.8689655172413793,0.08309037900874636
Artisans,7,Building trades,1788.0,1788.0,3268.0,822.0,703.0,8369.0,27.0,528.0,1350.0,1350.0,4320.0,794.0,0.0,0.0,8369.0,Shoreditch,0.3889353566734377,1.8277404921700224,0.08400047795435536
0,8,"Furniture, woodwork",3365.0,3365.0,6392.0,1604.0,1320.0,16046.0,27.0,1168.0,2040.0,3263.0,8495.0,1053.0,0.0,0.0,16046.0,Shoreditch,0.40496073787859904,1.8995542347696879,0.08226349245917985
0,9,Machinery and metals,1095.0,1095.0,2033.0,507.0,431.0,5161.0,9.0,188.0,387.0,798.0,3125.0,654.0,0.0,0.0,5161.0,Shoreditch,0.2677775624878899,1.8566210045662102,0.08351094749079636
0,10a,Printing,977.0,977.0,1845.0,462.0,385.0,4646.0,0.0,127.0,218.0,566.0,3001.0,734.0,0.0,0.0,4646.0,Shoreditch,0.19608265174343523,1.8884339815762539,0.08286698235040896
0,10b,"Watches, instruments",323.0,323.0,600.0,150.0,127.0,1523.0,0.0,55.0,126.0,198.0,813.0,331.0,0.0,0.0,1523.0,Shoreditch,0.24885095206828628,1.8575851393188854,0.08338804990151018
0,10c,Furs and leather,497.0,497.0,920.0,230.0,195.0,2339.0,0.0,135.0,233.0,476.0,1386.0,109.0,0.0,0.0,2339.0,Shoreditch,0.36083796494228304,1.8511066398390341,0.08336896109448483
0,10d,Silk weaving,34.0,34.0,72.0,18.0,13.0,171.0,0.0,19.0,29.0,10.0,103.0,10.0,0.0,0.0,171.0,Shoreditch,0.3391812865497076,2.1176470588235294,0.07602339181286549
0,10e,Sundry artisans,962.0,962.0,1819.0,457.0,377.0,4577.0,9.0,254.0,536.0,1102.0,2438.0,238.0,0.0,0.0,4577.0,Shoreditch,0.4153375573519773,1.8908523908523909,0.08236836355691501
0,11,Dress,2012.0,2012.0,3815.0,956.0,789.0,9584.0,0.0,872.0,1586.0,2282.0,4496.0,348.0,0.0,0.0,9584.0,Shoreditch,0.49457429048414026,1.8961232604373757,0.08232470784641069
0,12,Food preparation,414.0,414.0,748.0,187.0,162.0,1925.0,0.0,74.0,160.0,483.0,1134.0,74.0,0.0,0.0,1925.0,Shoreditch,0.37246753246753245,1.8067632850241546,0.08415584415584415
Locomotion,13,Railway servants,147.0,147.0,274.0,68.0,58.0,694.0,0.0,9.0,0.0,99.0,468.0,118.0,0.0,0.0,694.0,Shoreditch,0.15561959654178675,1.8639455782312926,0.08357348703170028
0,14,Road Service,289.0,289.0,586.0,146.0,114.0,1424.0,0.0,38.0,103.0,272.0,973.0,38.0,0.0,0.0,1424.0,Shoreditch,0.29002808988764045,2.027681660899654,0.0800561797752809
Assistants,15,Shops,731.0,731.0,1301.0,327.0,287.0,3377.0,18.0,160.0,169.0,815.0,2002.0,213.0,0.0,0.0,3377.0,Shoreditch,0.34409238969499556,1.7797537619699042,0.0849866745632218
0,16,"Police, soldiers, and sub-officials",304.0,304.0,584.0,146.0,119.0,1457.0,0.0,0.0,0.0,111.0,1126.0,220.0,0.0,0.0,1457.0,Shoreditch,0.07618393960192175,1.9210526315789473,0.08167467398764584
Other wages,17,Seamen,17.0,17.0,26.0,6.0,7.0,73.0,0.0,0.0,8.0,33.0,32.0,0.0,0.0,0.0,73.0,Shoreditch,0.5616438356164384,1.5294117647058822,0.0958904109589041
0,18,Other wage earners,1159.0,1159.0,1482.0,371.0,454.0,4625.0,0.0,145.0,237.0,842.0,3119.0,282.0,0.0,0.0,4625.0,Shoreditch,0.2646486486486486,1.278688524590164,0.09816216216216216
Manufacturers,19,Home industries (not employing),722.0,722.0,1388.0,348.0,283.0,3463.0,0.0,258.0,430.0,660.0,1381.0,734.0,0.0,0.0,3463.0,Shoreditch,0.38925786889979785,1.922437673130194,0.08172105111175282
0,20,Small employers,634.0,634.0,1308.0,329.0,249.0,3154.0,0.0,0.0,9.0,29.0,343.0,1997.0,767.0,9.0,3154.0,Shoreditch,0.012048192771084338,2.0630914826498423,0.07894736842105263
0,21,Large employers,34.0,34.0,65.0,16.0,13.0,162.0,0.0,0.0,0.0,0.0,0.0,0.0,135.0,27.0,162.0,Shoreditch,0.0,1.911764705882353,0.08024691358024691
Dealers,22,Street sellers,376.0,376.0,685.0,171.0,147.0,1755.0,36.0,286.0,573.0,340.0,493.0,27.0,0.0,0.0,1755.0,Shoreditch,0.7037037037037037,1.821808510638298,0.08376068376068375
0,23,General dealers,178.0,178.0,304.0,76.0,70.0,806.0,26.0,35.0,95.0,95.0,346.0,209.0,0.0,0.0,806.0,Shoreditch,0.31141439205955335,1.7078651685393258,0.08684863523573201
0,24,Small shops,550.0,550.0,966.0,242.0,215.0,2523.0,0.0,0.0,35.0,238.0,1242.0,982.0,26.0,0.0,2523.0,Shoreditch,0.10820451843043995,1.7563636363636363,0.08521601268331351
0,25,Large shops (employing assistants),434.0,434.0,857.0,214.0,170.0,2109.0,0.0,0.0,0.0,0.0,47.0,650.0,595.0,817.0,2109.0,Shoreditch,0.0,1.9746543778801844,0.08060692271218586
Refreshment,26,Coffee and boarding houses,82.0,82.0,156.0,39.0,32.0,391.0,0.0,0.0,0.0,18.0,210.0,145.0,18.0,0.0,391.0,Shoreditch,0.04603580562659847,1.9024390243902438,0.08184143222506395
0,27,Licensed houses,140.0,140.0,244.0,61.0,55.0,640.0,0.0,9.0,0.0,27.0,27.0,149.0,253.0,175.0,640.0,Shoreditch,0.05625,1.7428571428571429,0.0859375
Salaried,28,Clerks and Agents,719.0,719.0,1239.0,311.0,282.0,3270.0,0.0,26.0,87.0,208.0,1357.0,1247.0,336.0,9.0,3270.0,Shoreditch,0.0981651376146789,1.7232267037552156,0.08623853211009175
0,29,Subordinate professional,111.0,111.0,161.0,41.0,43.0,467.0,0.0,8.0,8.0,32.0,162.0,184.0,65.0,8.0,467.0,Shoreditch,0.10278372591006424,1.4504504504504505,0.09207708779443255
0,30,Professional,85.0,85.0,140.0,35.0,32.0,377.0,0.0,0.0,0.0,0.0,0.0,26.0,26.0,325.0,377.0,Shoreditch,0.0,1.6470588235294117,0.08488063660477453
No work,31,Ill and no occupation,65.0,65.0,115.0,29.0,26.0,300.0,0.0,211.0,62.0,9.0,9.0,9.0,0.0,0.0,300.0,Shoreditch,0.94,1.7692307692307692,0.08666666666666667
0,32,Independent,36.0,36.0,56.0,14.0,14.0,156.0,0.0,0.0,0.0,0.0,74.0,33.0,41.0,8.0,156.0,Shoreditch,0.0,1.5555555555555556,0.08974358974358974
Females,33,Semi-domestic employment,741.0,0.0,1180.0,296.0,0.0,2217.0,0.0,1301.0,500.0,267.0,149.0,0.0,0.0,0.0,2217.0,Shoreditch,0.9327920613441588,1.592442645074224,0.0
0,34,Dress,410.0,0.0,601.0,150.0,0.0,1161.0,0.0,364.0,270.0,344.0,178.0,5.0,0.0,0.0,1161.0,Shoreditch,0.8423772609819121,1.4658536585365853,0.0
0,35,Small trades,414.0,0.0,640.0,160.0,0.0,1214.0,5.0,398.0,274.0,369.0,158.0,5.0,5.0,0.0,1214.0,Shoreditch,0.8616144975288303,1.5458937198067633,0.0
0,36,Employing and professional,52.0,0.0,72.0,18.0,0.0,142.0,0.0,0.0,0.0,24.0,54.0,30.0,34.0,0.0,142.0,Shoreditch,0.16901408450704225,1.3846153846153846,0.0
0,37,Supported,141.0,0.0,198.0,49.0,0.0,388.0,0.0,49.0,49.0,138.0,152.0,0.0,0.0,0.0,388.0,Shoreditch,0.6082474226804123,1.4042553191489362,0.0
0,38,Independent,22.0,0.0,31.0,8.0,0.0,61.0,0.0,0.0,0.0,5.0,26.0,15.0,15.0,0.0,61.0,Shoreditch,0.08196721311475409,1.4090909090909092,0.0
0,39,Other Adult women,0.0,0.0,0.0,0.0,0.0,9995.0,96.0,940.0,1054.0,1918.0,4544.0,1109.0,210.0,124.0,9995.0,Shoreditch,0.40100050025012507,0.0,0.0
0,0,0,0.0,0.0,0.0,0.0,0.0,0.0,1064.0,10473.0,11767.0,23265.0,54972.0,12378.0,2301.0,1378.0,121161.0,Shoreditch,0.0,0.0,0.0
Labour,1,"Lowest class, loafers, &c.",183.0,183.0,103.0,87.0,196.0,752.0,752.0,0.0,0.0,0.0,0.0,0.0,0.0,0.0,752.0,Stepney,1.0,0.5628415300546448,0.26063829787234044
Labour,2,Casual day-to-day labour,1430.0,1430.0,2559.0,656.0,681.0,6756.0,0.0,6546.0,210.0,0.0,0.0,0.0,0.0,0.0,6756.0,Stepney,1.0,1.7895104895104894,0.10079928952042629
Labour,3,Irregular labour,430.0,430.0,801.0,206.0,205.0,2072.0,0.0,378.0,1436.0,0.0,258.0,0.0,0.0,0.0,2072.0,Stepney,0.8754826254826255,1.8627906976744186,0.09893822393822393
Labour,4,"Regular work, low pay",622.0,622.0,1105.0,283.0,296.0,2928.0,0.0,130.0,0.0,2798.0,0.0,0.0,0.0,0.0,2928.0,Stepney,1.0,1.7765273311897105,0.10109289617486339
Labour,5,"Regular work, ordinary pay",1846.0,1846.0,3655.0,940.0,877.0,9164.0,0.0,83.0,0.0,2154.0,6927.0,0.0,0.0,0.0,9164.0,Stepney,0.24410737669140115,1.9799566630552545,0.09570056743780009
Labour,6,Foremen and responsible work,620.0,620.0,1202.0,309.0,295.0,3046.0,0.0,0.0,0.0,0.0,46.0,3000.0,0.0,0.0,3046.0,Stepney,0.0,1.9387096774193548,0.09684832567301378
Artisans,7,Building trades,519.0,519.0,1043.0,267.0,250.0,2598.0,9.0,173.0,129.0,364.0,1611.0,312.0,0.0,0.0,2598.0,Stepney,0.25981524249422633,2.0096339113680153,0.0962278675904542
Artisans,8,"Furniture, wood work, &c.",681.0,681.0,1318.0,338.0,323.0,3341.0,9.0,158.0,134.0,468.0,2272.0,300.0,0.0,0.0,3341.0,Stepney,0.2301706076025142,1.935389133627019,0.09667764142472314
Artisans,9,Machinery and metals,751.0,751.0,1440.0,369.0,357.0,3368.0,9.0,174.0,73.0,477.0,2642.0,293.0,0.0,0.0,3368.0,Stepney,0.21763657957244656,1.9174434087882823,0.10599762470308789
Artisans,10,Sundry artisans,456.0,456.0,854.0,219.0,217.0,2202.0,0.0,75.0,195.0,195.0,1021.0,716.0,0.0,0.0,2202.0,Stepney,0.2111716621253406,1.8728070175438596,0.09854677565849228
Artisans,11,Dress,170.0,170.0,300.0,77.0,81.0,798.0,9.0,127.0,15.0,160.0,367.0,120.0,0.0,0.0,798.0,Stepney,0.38972431077694236,1.7647058823529411,0.10150375939849623
Artisans,12,Food preparation,244.0,244.0,479.0,121.0,116.0,1204.0,9.0,54.0,0.0,290.0,851.0,0.0,0.0,0.0,1204.0,Stepney,0.2931893687707641,1.9631147540983607,0.09634551495016612
Locomotion,13,Railway servants,67.0,67.0,125.0,32.0,32.0,323.0,0.0,4.0,0.0,17.0,125.0,177.0,0.0,0.0,323.0,Stepney,0.06501547987616099,1.8656716417910448,0.09907120743034056
Locomotion,14,Road service,81.0,81.0,167.0,43.0,39.0,411.0,0.0,35.0,42.0,74.0,233.0,27.0,0.0,0.0,411.0,Stepney,0.36739659367396593,2.0617283950617282,0.0948905109489051
Assistants,15,Shops and refreshment houses,197.0,197.0,354.0,90.0,94.0,932.0,0.0,23.0,10.0,99.0,680.0,120.0,0.0,0.0,932.0,Stepney,0.14163090128755365,1.7969543147208122,0.10085836909871244
Other wages,16,"Police, soldiers, and sub-officials",224.0,224.0,422.0,108.0,106.0,1084.0,0.0,27.0,0.0,127.0,930.0,0.0,0.0,0.0,1084.0,Stepney,0.14206642066420663,1.8839285714285714,0.09778597785977859
Other wages,17,Seamen,375.0,375.0,628.0,161.0,178.0,1717.0,0.0,43.0,200.0,0.0,1474.0,0.0,0.0,0.0,1717.0,Stepney,0.1415259172976121,1.6746666666666667,0.10366919044845661
Other wages,18,Other wage earners,97.0,97.0,163.0,42.0,46.0,445.0,0.0,11.0,26.0,26.0,306.0,76.0,0.0,0.0,445.0,Stepney,0.14157303370786517,1.6804123711340206,0.10337078651685393
Manufacture,19,Home industries (not employing),196.0,196.0,404.0,104.0,94.0,994.0,0.0,71.0,222.0,0.0,701.0,0.0,0.0,0.0,994.0,Stepney,0.2947686116700201,2.061224489795918,0.09456740442655935
Manufacture,20,Small employers,237.0,237.0,510.0,131.0,112.0,1227.0,0.0,0.0,0.0,172.0,423.0,540.0,294.0,98.0,1227.0,Stepney,0.1401792991035045,2.151898734177215,0.09127954360228199
Manufacture,21,Large employers,49.0,49.0,95.0,24.0,23.0,240.0,0.0,0.0,0.0,0.0,0.0,0.0,160.0,80.0,240.0,Stepney,0.0,1.9387755102040816,0.09583333333333334
Dealers,22,"Street sellers, &c.",182.0,182.0,343.0,88.0,86.0,881.0,27.0,131.0,215.0,121.0,368.0,19.0,0.0,0.0,881.0,Stepney,0.5607264472190693,1.8846153846153846,0.09761634506242906
Dealers,23,General dealers,74.0,74.0,137.0,35.0,35.0,355.0,0.0,24.0,89.0,48.0,128.0,66.0,0.0,0.0,355.0,Stepney,0.4535211267605634,1.8513513513513513,0.09859154929577464
Dealers,24,Small shops,352.0,352.0,694.0,177.0,167.0,1742.0,0.0,0.0,14.0,87.0,788.0,627.0,226.0,0.0,1742.0,Stepney,0.05797933409873708,1.9715909090909092,0.09586681974741676
Dealers,25,Large shops employing assistants,262.0,262.0,553.0,141.0,124.0,1342.0,0.0,0.0,0.0,0.0,18.0,384.0,544.0,396.0,1342.0,Stepney,0.0,2.1106870229007635,0.09239940387481371
Refreshments,26,Coffee and boarding houses,90.0,90.0,158.0,40.0,43.0,421.0,0.0,0.0,0.0,0.0,42.0,126.0,253.0,0.0,421.0,Stepney,0.0,1.7555555555555555,0.1021377672209026
Refreshments,27,Licensed houses,174.0,174.0,283.0,73.0,82.0,786.0,0.0,0.0,0.0,0.0,15.0,86.0,481.0,204.0,786.0,Stepney,0.0,1.6264367816091954,0.10432569974554708
Salaried &c.,28,Clerks and agents,450.0,450.0,803.0,206.0,213.0,2122.0,0.0,21.0,0.0,191.0,891.0,554.0,338.0,127.0,2122.0,Stepney,0.0999057492931197,1.7844444444444445,0.10037700282752121
Salaried &c.,29,Subordinate professional,174.0,174.0,322.0,83.0,82.0,835.0,0.0,16.0,17.0,64.0,312.0,298.0,112.0,16.0,835.0,Stepney,0.11616766467065869,1.8505747126436782,0.09820359281437126
Salaried &c.,30,Professional,82.0,82.0,163.0,42.0,39.0,408.0,0.0,0.0,0.0,0.0,0.0,32.0,40.0,336.0,408.0,Stepney,0.0,1.9878048780487805,0.09558823529411764
No work,31,Ill and no occupation,37.0,37.0,68.0,17.0,18.0,177.0,0.0,71.0,27.0,52.0,27.0,0.0,0.0,0.0,177.0,Stepney,0.847457627118644,1.837837837837838,0.1016949152542373
No work,32,Independent,32.0,32.0,40.0,10.0,15.0,129.0,0.0,0.0,0.0,0.0,69.0,15.0,45.0,0.0,129.0,Stepney,0.0,1.25,0.11627906976744186
Females,33,Semi-domestic employment,350.0,0.0,491.0,126.0,0.0,967.0,5.0,391.0,242.0,230.0,99.0,0.0,0.0,0.0,967.0,Stepney,0.8976215098241985,1.4028571428571428,0.0
Females,34,Dress,198.0,0.0,284.0,73.0,0.0,555.0,0.0,153.0,132.0,154.0,116.0,0.0,0.0,0.0,555.0,Stepney,0.790990990990991,1.4343434343434343,0.0
Females,35,Small trades,125.0,0.0,190.0,49.0,0.0,364.0,5.0,92.0,67.0,68.0,127.0,5.0,0.0,0.0,364.0,Stepney,0.6373626373626373,1.52,0.0
Females,36,Employing and professional,13.0,0.0,19.0,5.0,0.0,37.0,0.0,0.0,0.0,4.0,23.0,5.0,5.0,0.0,37.0,Stepney,0.10810810810810811,1.4615384615384615,0.0
Females,37,Supported,101.0,0.0,146.0,37.0,0.0,284.0,0.0,57.0,10.0,26.0,191.0,0.0,0.0,0.0,284.0,Stepney,0.3274647887323944,1.4455445544554455,0.0
Females,38,Independent,35.0,0.0,74.0,19.0,0.0,128.0,0.0,0.0,0.0,10.0,52.0,10.0,56.0,0.0,128.0,Stepney,0.078125,2.1142857142857143,0.0
Females,39,Other adult women,0.0,0.0,0.0,0.0,0.0,4628.0,67.0,728.0,284.0,681.0,1910.0,638.0,215.0,105.0,4628.0,Stepney,0.3802938634399309,0.0,0.0
Labour,1,"Lowest class, loafers, &c.",433.0,425.0,89.0,254.0,332.0,1533.0,1533.0,0.0,0.0,0.0,0.0,0.0,0.0,0.0,1533.0,Poplar,1.0,0.20554272517321015,0.21656881930854532
Labour,2,Casual day-to-day labour,2705.0,2652.0,5315.0,1184.0,1019.0,12875.0,0.0,12475.0,400.0,0.0,0.0,0.0,0.0,0.0,12875.0,Poplar,1.0,1.9648798521256932,0.07914563106796116
Labour,3,Irregular labour,952.0,933.0,1876.0,418.0,359.0,4538.0,0.0,1130.0,2823.0,0.0,585.0,0.0,0.0,0.0,4538.0,Poplar,0.871088585279859,1.9705882352941178,0.07910973997355664
Labour,4,"Regular work, low pay",2847.0,2792.0,5445.0,1214.0,1072.0,13370.0,0.0,191.0,0.0,13179.0,0.0,0.0,0.0,0.0,13370.0,Poplar,1.0,1.9125395152792413,0.08017950635751683
Labour,5,"Regular work, ordinary pay",3421.0,3355.0,6921.0,1543.0,1288.0,16528.0,0.0,131.0,0.0,2562.0,13835.0,0.0,0.0,0.0,16528.0,Poplar,0.16293562439496612,2.0230926629640456,0.07792836398838335
Labour,6,Foremen and responsible work,1297.0,1272.0,2676.0,584.0,488.0,6317.0,0.0,0.0,0.0,0.0,88.0,6229.0,0.0,0.0,6317.0,Poplar,0.0,2.0632228218966846,0.07725186006015514
Artisans,7,Building trades,2537.0,2487.0,5294.0,1180.0,956.0,12454.0,36.0,1014.0,1066.0,1950.0,7554.0,834.0,0.0,0.0,12454.0,Poplar,0.32648145174241205,2.086716594402838,0.0767624859482897
Artisans,8,"Furniture, wood-work, &c.",2024.0,1985.0,4335.0,966.0,762.0,10072.0,17.0,813.0,756.0,1700.0,6111.0,675.0,0.0,0.0,10072.0,Poplar,0.3262509928514694,2.141798418972332,0.07565528196981731
Artisans,9,Machinery and metals,2908.0,2851.0,5933.0,1322.0,1095.0,14109.0,9.0,456.0,783.0,1452.0,10284.0,1125.0,0.0,0.0,14109.0,Poplar,0.1913672124176058,2.0402338376891334,0.07761003614714013
Artisans,10,Sundry artisans,1349.0,1323.0,2804.0,625.0,508.0,6609.0,9.0,237.0,445.0,445.0,3284.0,2189.0,0.0,0.0,6609.0,Poplar,0.17188682100166439,2.078576723498888,0.07686488122257527
Artisans,11,Dress,779.0,764.0,1617.0,360.0,294.0,3814.0,9.0,341.0,624.0,624.0,1773.0,443.0,0.0,0.0,3814.0,Poplar,0.41898269533298377,2.0757381258023107,0.07708442579968537
Artisans,12,Food preparation,505.0,495.0,1025.0,229.0,190.0,2444.0,0.0,108.0,186.0,186.0,1964.0,0.0,0.0,0.0,2444.0,Poplar,0.19639934533551553,2.0297029702970297,0.07774140752864157
Locomotion,13,Railway service,763.0,748.0,1600.0,357.0,288.0,3756.0,0.0,46.0,0.0,80.0,1517.0,2113.0,0.0,0.0,3756.0,Poplar,0.03354632587859425,2.0969855832241153,0.07667731629392971
Locomotion,14,Road service,289.0,284.0,556.0,125.0,108.0,1362.0,0.0,73.0,115.0,295.0,789.0,90.0,0.0,0.0,1362.0,Poplar,0.35462555066079293,1.9238754325259515,0.07929515418502203
Assistants,15,Shops and refreshment houses,625.0,613.0,1267.0,283.0,235.0,3023.0,0.0,84.0,18.0,128.0,2393.0,400.0,0.0,0.0,3023.0,Poplar,0.07608336089976844,2.0272,0.07773734700628515
Other wages,16,"Police, soldiers, sub-officials",611.0,599.0,1284.0,286.0,229.0,3009.0,0.0,81.0,0.0,147.0,2778.0,0.0,0.0,0.0,3009.0,Poplar,0.07577268195413758,2.1014729950900164,0.07610501827849785
Other wages,17,Seamen,1291.0,1266.0,2193.0,488.0,486.0,5724.0,0.0,159.0,280.0,0.0,5285.0,0.0,0.0,0.0,5724.0,Poplar,0.07669461914744934,1.6986831913245546,0.08490566037735849
Other wages,18,Other wage earners,479.0,470.0,678.0,152.0,180.0,1959.0,0.0,55.0,47.0,48.0,1809.0,0.0,0.0,0.0,1959.0,Poplar,0.07656967840735068,1.4154488517745303,0.09188361408882083
Manufacture &c.,19,"Home industries, not employing",354.0,347.0,727.0,163.0,133.0,1724.0,0.0,153.0,480.0,0.0,1091.0,0.0,0.0,0.0,1724.0,Poplar,0.367169373549884,2.053672316384181,0.0771461716937355
Manufacture &c.,20,Small employers,427.0,419.0,945.0,211.0,160.0,2162.0,0.0,0.0,0.0,0.0,454.0,975.0,597.0,136.0,2162.0,Poplar,0.0,2.2131147540983607,0.07400555041628122
Manufacture &c.,21,Large employers,83.0,82.0,172.0,39.0,31.0,407.0,0.0,0.0,0.0,0.0,0.0,0.0,270.0,137.0,407.0,Poplar,0.0,2.072289156626506,0.07616707616707617
Dealers,22,"Street sellers, &c.",259.0,254.0,542.0,121.0,98.0,1274.0,27.0,180.0,243.0,210.0,578.0,36.0,0.0,0.0,1274.0,Poplar,0.5180533751962323,2.0926640926640925,0.07692307692307693
Dealers,23,General dealers,183.0,180.0,349.0,78.0,69.0,859.0,0.0,26.0,175.0,95.0,346.0,209.0,8.0,0.0,859.0,Poplar,0.3445867287543655,1.907103825136612,0.08032596041909197
Dealers,24,Small shops,1059.0,1039.0,1721.0,383.0,399.0,4601.0,0.0,54.0,27.0,409.0,2145.0,1398.0,568.0,0.0,4601.0,Poplar,0.10649858726363834,1.6251180358829085,0.08672027820039122
Dealers,25,Large shops employing assistants,469.0,460.0,1042.0,233.0,176.0,2380.0,0.0,0.0,0.0,0.0,52.0,720.0,670.0,938.0,2380.0,Poplar,0.0,2.2217484008528783,0.07394957983193277
Refreshments,26,Coffee and boarding houses,121.0,119.0,234.0,52.0,46.0,572.0,0.0,0.0,0.0,12.0,40.0,234.0,286.0,0.0,572.0,Poplar,0.02097902097902098,1.9338842975206612,0.08041958041958042
Refreshments,27,Licensed houses,219.0,215.0,522.0,117.0,82.0,1155.0,0.0,0.0,0.0,0.0,44.0,191.0,595.0,325.0,1155.0,Poplar,0.0,2.3835616438356166,0.070995670995671
Salaried &c.,28,Clerks and agents,1411.0,1383.0,2830.0,631.0,531.0,6786.0,0.0,75.0,163.0,611.0,2864.0,1832.0,1018.0,223.0,6786.0,Poplar,0.1251105216622458,2.0056697377746278,0.07824933687002653
Salaried &c.,29,Subordinate professional,583.0,572.0,1176.0,262.0,220.0,2813.0,0.0,56.0,56.0,250.0,1048.0,955.0,392.0,56.0,2813.0,Poplar,0.12868823320298614,2.0171526586620927,0.0782083185211518
Salaried &c.,30,Professional,230.0,226.0,486.0,109.0,87.0,1138.0,0.0,0.0,0.0,0.0,0.0,88.0,110.0,940.0,1138.0,Poplar,0.0,2.1130434782608694,0.07644991212653779
No work,31,Ill and no occupation,154.0,151.0,313.0,70.0,59.0,747.0,0.0,520.0,157.0,26.0,26.0,18.0,0.0,0.0,747.0,Poplar,0.9410977242302544,2.0324675324675323,0.07898259705488621
No work,32,Independent,107.0,105.0,172.0,38.0,40.0,462.0,0.0,0.0,0.0,0.0,212.0,102.0,124.0,24.0,462.0,Poplar,0.0,1.6074766355140186,0.08658008658008658
Females,33,Semi-domestic employment,1030.0,0.0,1552.0,346.0,0.0,2928.0,10.0,1074.0,522.0,655.0,667.0,0.0,0.0,0.0,2928.0,Poplar,0.7721994535519126,1.5067961165048545,0.0
Females,34,Dress,350.0,0.0,522.0,117.0,0.0,989.0,0.0,306.0,197.0,242.0,244.0,0.0,0.0,0.0,989.0,Poplar,0.7532861476238625,1.4914285714285713,0.0
Females,35,Small trades,314.0,0.0,505.0,113.0,0.0,932.0,5.0,233.0,167.0,168.0,294.0,15.0,0.0,0.0,932.0,Poplar,0.6148068669527897,1.60828025477707,0.0
Females,36,Employing and professional,55.0,0.0,94.0,21.0,0.0,170.0,0.0,0.0,0.0,24.0,37.0,61.0,48.0,0.0,170.0,Poplar,0.1411764705882353,1.709090909090909,0.0
Females,37,Supported,213.0,0.0,329.0,74.0,0.0,616.0,0.0,75.0,10.0,38.0,493.0,0.0,0.0,0.0,616.0,Poplar,0.19967532467532467,1.5446009389671362,0.0
Females,38,Independent,164.0,0.0,191.0,43.0,0.0,398.0,0.0,0.0,0.0,15.0,160.0,50.0,173.0,0.0,398.0,Poplar,0.03768844221105527,1.1646341463414633,0.0
Females,39,Other adult women,0.0,0.0,0.0,0.0,0.0,9784.0,103.0,1261.0,615.0,1604.0,4412.0,1310.0,305.0,174.0,9784.0,Poplar,0.366210139002453,0.0,0.0
Labour,1,Loafers and criminals,390.0,390.0,69.0,200.0,136.0,1185.0,1185.0,0.0,0.0,0.0,0.0,0.0,0.0,0.0,1185.0,Bethal_Green,1.0,0.17692307692307693,0.11476793248945148
0,2,Casual day-to-day-labour,1191.0,1191.0,2476.0,580.0,422.0,5860.0,0.0,5680.0,180.0,0.0,0.0,0.0,0.0,0.0,5860.0,Bethal_Green,1.0,2.078925272879933,0.0720136518771331
0,3,Irregular Labour,562.0,562.0,1171.0,274.0,196.0,2765.0,0.0,638.0,2050.0,0.0,77.0,0.0,0.0,0.0,2765.0,Bethal_Green,0.9721518987341772,2.083629893238434,0.07088607594936709
0,4,"Regular work, low pay",1048.0,1048.0,2011.0,470.0,365.0,4942.0,0.0,223.0,0.0,4686.0,33.0,0.0,0.0,0.0,4942.0,Bethal_Green,0.9933225414811817,1.9188931297709924,0.07385673816268717
0,5,"Regular work, ordinary pay",1928.0,1928.0,3757.0,878.0,671.0,9162.0,0.0,8.0,0.0,880.0,8199.0,75.0,0.0,0.0,9162.0,Bethal_Green,0.09692206941715782,1.9486514522821576,0.07323728443571273
0,6,Foremen and responsible work,207.0,207.0,451.0,105.0,72.0,1042.0,0.0,0.0,0.0,0.0,44.0,998.0,0.0,0.0,1042.0,Bethal_Green,0.0,2.178743961352657,0.0690978886756238
Artisans,7,Building trades,1148.0,1148.0,2376.0,557.0,400.0,5629.0,8.0,592.0,1204.0,480.0,2873.0,472.0,0.0,0.0,5629.0,Bethal_Green,0.40575590691064134,2.0696864111498257,0.07106057914372002
0,8,"Furniture, woodwork",3696.0,3696.0,8025.0,1879.0,1302.0,18598.0,17.0,2950.0,3100.0,3170.0,8600.0,761.0,0.0,0.0,18598.0,Bethal_Green,0.49666630820518337,2.1712662337662336,0.07000752769114958
0,9,Machinery and metals,738.0,738.0,1575.0,370.0,257.0,3678.0,9.0,253.0,570.0,280.0,1974.0,592.0,0.0,0.0,3678.0,Bethal_Green,0.30233822729744425,2.1341463414634148,0.06987493202827624
0,10a,Printing,592.0,592.0,1214.0,285.0,207.0,2890.0,0.0,86.0,240.0,146.0,1878.0,540.0,0.0,0.0,2890.0,Bethal_Green,0.16332179930795848,2.050675675675676,0.07162629757785467
0,10b,"Watches, instruments",134.0,134.0,284.0,66.0,47.0,665.0,0.0,61.0,95.0,43.0,310.0,156.0,0.0,0.0,665.0,Bethal_Green,0.2992481203007519,2.1194029850746268,0.07067669172932331
0,10c,Furs and leather,301.0,301.0,610.0,142.0,105.0,1459.0,0.0,136.0,263.0,170.0,771.0,119.0,0.0,0.0,1459.0,Bethal_Green,0.3899931459904044,2.026578073089701,0.07196710075394105
0,10d,Silk weaving,284.0,284.0,515.0,120.0,99.0,1302.0,0.0,160.0,379.0,112.0,523.0,128.0,0.0,0.0,1302.0,Bethal_Green,0.5,1.8133802816901408,0.07603686635944701
0,10e,Sundry artisans,776.0,776.0,1585.0,370.0,271.0,3778.0,18.0,742.0,460.0,708.0,1714.0,136.0,0.0,0.0,3778.0,Bethal_Green,0.5103229221810481,2.042525773195876,0.07173107464266808
0,11,Dress,2551.0,2551.0,5374.0,1258.0,887.0,12621.0,9.0,2010.0,2340.0,2360.0,5494.0,408.0,0.0,0.0,12621.0,Bethal_Green,0.5323666904365739,2.106624852998824,0.07027969257586562
0,12,Food preparation,528.0,528.0,1104.0,259.0,184.0,2603.0,9.0,180.0,283.0,508.0,1519.0,104.0,0.0,0.0,2603.0,Bethal_Green,0.3764886669227814,2.090909090909091,0.07068766807529774
Locomotion,13,Railway servants,254.0,254.0,550.0,128.0,89.0,1275.0,0.0,26.0,9.0,176.0,834.0,230.0,0.0,0.0,1275.0,Bethal_Green,0.16549019607843138,2.1653543307086616,0.06980392156862746
0,14,Road Service,197.0,197.0,379.0,89.0,69.0,931.0,0.0,74.0,82.0,141.0,568.0,66.0,0.0,0.0,931.0,Bethal_Green,0.31901181525241673,1.9238578680203047,0.07411385606874328
Assistants,15,Shops,663.0,663.0,1356.0,317.0,231.0,3230.0,0.0,196.0,94.0,718.0,1897.0,325.0,0.0,0.0,3230.0,Bethal_Green,0.31207430340557274,2.0452488687782804,0.07151702786377709
0,16,"Police, soldiers, and sub-officials",301.0,301.0,601.0,140.0,105.0,1448.0,0.0,0.0,0.0,51.0,1160.0,237.0,0.0,0.0,1448.0,Bethal_Green,0.03522099447513812,1.9966777408637875,0.07251381215469613
Other wages,17,Seamen,35.0,35.0,59.0,14.0,12.0,155.0,0.0,8.0,16.0,54.0,77.0,0.0,0.0,0.0,155.0,Bethal_Green,0.5032258064516129,1.6857142857142857,0.07741935483870968
0,18,Other wage earners,568.0,568.0,902.0,210.0,198.0,2446.0,0.0,91.0,196.0,295.0,1451.0,413.0,0.0,0.0,2446.0,Bethal_Green,0.23793949304987735,1.5880281690140845,0.08094848732624693
Manufacturers,19,Home industries (not employing),981.0,981.0,2172.0,507.0,341.0,4982.0,9.0,660.0,851.0,393.0,2000.0,1060.0,9.0,0.0,4982.0,Bethal_Green,0.38398233641107987,2.214067278287462,0.06844640706543557
0,20,Small employers,759.0,759.0,1786.0,418.0,266.0,3988.0,0.0,27.0,9.0,64.0,366.0,2343.0,1170.0,9.0,3988.0,Bethal_Green,0.025075225677031094,2.3530961791831357,0.0667001003009027
0,21,Large employers,75.0,75.0,215.0,50.0,26.0,441.0,0.0,0.0,0.0,0.0,0.0,0.0,308.0,133.0,441.0,Bethal_Green,0.0,2.8666666666666667,0.05895691609977324
Dealers,22,Street sellers,831.0,831.0,1749.0,408.0,290.0,4109.0,69.0,1638.0,1175.0,501.0,683.0,43.0,0.0,0.0,4109.0,Bethal_Green,0.8233146751034315,2.104693140794224,0.07057678267218301
0,23,General dealers,226.0,226.0,459.0,107.0,79.0,1097.0,8.0,59.0,162.0,162.0,467.0,222.0,17.0,0.0,1097.0,Bethal_Green,0.35642661804922515,2.0309734513274336,0.07201458523245215
0,24,Small shops,737.0,737.0,1488.0,348.0,257.0,3567.0,0.0,51.0,93.0,322.0,1825.0,1183.0,93.0,0.0,3567.0,Bethal_Green,0.13064199607513316,2.0189959294436908,0.07204934118306701
0,25,Large shops (employing assistants),512.0,512.0,1158.0,270.0,176.0,2628.0,0.0,0.0,0.0,0.0,36.0,755.0,1067.0,770.0,2628.0,Bethal_Green,0.0,2.26171875,0.0669710806697108
Refreshment,26,Coffee and boarding houses,77.0,77.0,154.0,35.0,27.0,370.0,0.0,0.0,0.0,33.0,84.0,169.0,84.0,0.0,370.0,Bethal_Green,0.0891891891891892,2.0,0.07297297297297298
0,27,Licensed houses,187.0,187.0,391.0,91.0,65.0,921.0,0.0,0.0,17.0,34.0,188.0,230.0,341.0,111.0,921.0,Bethal_Green,0.05537459283387622,2.090909090909091,0.07057546145494029
Salaried,28,Clerks and Agents,489.0,489.0,953.0,224.0,170.0,2325.0,0.0,0.0,17.0,117.0,830.0,1270.0,91.0,0.0,2325.0,Bethal_Green,0.057634408602150536,1.9488752556237219,0.07311827956989247
0,29,Subordinate professional,112.0,112.0,225.0,52.0,39.0,540.0,0.0,0.0,8.0,17.0,79.0,274.0,162.0,0.0,540.0,Bethal_Green,0.046296296296296294,2.0089285714285716,0.07222222222222222
0,30,Professional,117.0,117.0,229.0,53.0,41.0,557.0,0.0,0.0,0.0,0.0,0.0,33.0,50.0,474.0,557.0,Bethal_Green,0.0,1.9572649572649572,0.07360861759425494
No work,31,Ill and no occupation,74.0,74.0,153.0,35.0,25.0,361.0,0.0,284.0,26.0,17.0,26.0,8.0,0.0,0.0,361.0,Bethal_Green,0.9058171745152355,2.0675675675675675,0.06925207756232687
0,32,Independent,21.0,21.0,24.0,6.0,7.0,79.0,0.0,0.0,0.0,0.0,46.0,7.0,26.0,0.0,79.0,Bethal_Green,0.0,1.1428571428571428,0.08860759493670886
Females,33,Semi-domestic employment,797.0,0.0,1226.0,288.0,0.0,2311.0,19.0,1232.0,590.0,305.0,160.0,5.0,0.0,0.0,2311.0,Bethal_Green,0.9286023366508005,1.5382685069008784,0.0
0,34,Dress,359.0,0.0,558.0,131.0,0.0,1048.0,0.0,340.0,268.0,277.0,163.0,0.0,0.0,0.0,1048.0,Bethal_Green,0.8444656488549618,1.5543175487465182,0.0
0,35,Small trades,408.0,0.0,662.0,156.0,0.0,1226.0,25.0,555.0,186.0,263.0,172.0,25.0,0.0,0.0,1226.0,Bethal_Green,0.8393148450244698,1.6225490196078431,0.0
0,36,Employing and professional,57.0,0.0,89.0,20.0,0.0,166.0,0.0,0.0,0.0,24.0,33.0,61.0,48.0,0.0,166.0,Bethal_Green,0.14457831325301204,1.5614035087719298,0.0
0,37,Supported,133.0,0.0,188.0,44.0,0.0,365.0,0.0,45.0,22.0,104.0,189.0,5.0,0.0,0.0,365.0,Bethal_Green,0.4684931506849315,1.413533834586466,0.0
0,38,Independent,43.0,0.0,51.0,12.0,0.0,106.0,0.0,0.0,0.0,4.0,49.0,4.0,49.0,0.0,106.0,Bethal_Green,0.03773584905660377,1.186046511627907,0.0
0,39,Other Adult women,0.0,0.0,0.0,0.0,0.0,8790.0,104.0,1400.0,1110.0,1311.0,3500.0,995.0,260.0,110.0,8790.0,Bethal_Green,0.4465301478953356,0.0,0.0
0,0,0,0.0,0.0,0.0,0.0,0.0,0.0,1489.0,20405.0,16095.0,18926.0,50892.0,14452.0,3775.0,1607.0,127641.0,Bethal_Green,0.0,0.0,0.0
0,0,Inmates of Institutions,0.0,0.0,0.0,0.0,0.0,2359.0,0.0,0.0,0.0,0.0,0.0,0.0,0.0,0.0,0.0,Bethal_Green,0.0,0.0,0.0
